Powder,Layout,IsEdge,Predicted_Prob,Predicted_Prob_Pct
Virgin,11X11TA,0,3.129582686421419e-13,3.129582686421419e-11
Virgin,11X11TA,1,2.1102551896311477e-13,2.110255189631148e-11
Recycled,11X11TA,0,7.068047045495128e-13,7.068047045495128e-11
Recycled,11X11TA,1,4.765933497469079e-13,4.765933497469079e-11
Virgin,6X6,0,4.243509781445217e-11,4.243509781445217e-09
Virgin,6X6,1,2.861368251275636e-11,2.861368251275636e-09
Recycled,6X6,0,9.583810295800195e-11,9.583810295800195e-09
Recycled,6X6,1,6.462294638045774e-11,6.462294638045774e-09
